TRUNCATE TABLE
  Hospital,
  Clinic,
  HospitalBuilding,
  Department,
  Patient,
  OutpatientTreatment,
  HospitalRoom,
  InpatientTreatment,
  Disease,
  DiseaseToDepartment
RESTART IDENTITY CASCADE;

-- Значащая
INSERT INTO Hospital (name, address) VALUES
('Пермская краевая клиническая больница', 'ул. Пушкина, 85'),
('Городская клиническая больница имени М. А. Тверье', 'ул. Никулина, 10'),
('Городская клиническая больница №2', 'ул. Пермская, 230'),
('Городская клиническая больница №3', 'Серпуховская ул., 11а'),
('Городская детская клиническая больница №3', 'ул. Ленина, 13'),
('Больница Архангела Михаила', 'ул. Лобачевского, 26'),
('Городская клиническая больница №7', 'ул. Героев Хасана, 24'),
('Детская клиническая больница №13', 'ул. Лебедева, 44'),
('Пермская инфекционная больница', 'ул. Пушкина, 96'),
('Краевая детская клиническая больница', 'ул. Баумана, 17А'),
('Медико-санитарная часть №140', 'ул. Целинная, 27'),
('Городская клиническая больница имени С. Н. Гринберга', 'ул. Липатова, 17'),
('Краевая инфекционная больница', 'ул. Леонова, 84А'),
('Краевой психотерапевтический центр', 'ул. Максима Горького, 75'),
('Наркологическое отделение №5', 'ул. Чайковского, 35А');

-- Значащая
INSERT INTO Clinic (hospital_id, name, address)
SELECT id, 'Городская клиническая поликлиника', 'ул. Ленина, 16' FROM Hospital WHERE name = 'Пермская краевая клиническая больница';
INSERT INTO Clinic (hospital_id, name, address)
SELECT id, 'Городская детская поликлиника №4', 'ул. Шишкина, 20А' FROM Hospital WHERE name = 'Городская клиническая больница имени М. А. Тверье';
INSERT INTO Clinic (hospital_id, name, address)
SELECT id, 'Городская клиническая поликлиника №2', 'ул. Братьев Игнатовых, 3' FROM Hospital WHERE name = 'Городская клиническая больница №2';
INSERT INTO Clinic (hospital_id, name, address)
SELECT id, 'Городская клиническая поликлиника №5', 'ул. Глеба Успенского, 5' FROM Hospital WHERE name = 'Городская клиническая больница №3';
INSERT INTO Clinic (hospital_id, name, address)
SELECT id, 'Городская поликлиника №7', 'ул. Крупской, 57Б' FROM Hospital WHERE name = 'Городская детская клиническая больница №3';
INSERT INTO Clinic (hospital_id, name, address)
SELECT id, 'Алёнушка', 'ш. Космонавтов, 86А' FROM Hospital WHERE name = 'Больница Архангела Михаила';
INSERT INTO Clinic (hospital_id, name, address)
SELECT id, 'SmartClinic', 'ул. Пушкина, 6' FROM Hospital WHERE name = 'Городская клиническая больница №7';
INSERT INTO Clinic (hospital_id, name, address)
SELECT id, 'Поликлиника медицинского университета', 'бульвар Гагарина, 49' FROM Hospital WHERE name = 'Детская клиническая больница №13';
INSERT INTO Clinic (hospital_id, name, address)
SELECT id, 'Городская клиническая поликлиника №4', 'ул. Монастырская, 159' FROM Hospital WHERE name = 'Пермская инфекционная больница';
INSERT INTO Clinic (hospital_id, name, address)
SELECT id, 'Городская клиническая поликлиника №3', 'ул. Куфонина, 12' FROM Hospital WHERE name = 'Краевая детская клиническая больница';
INSERT INTO Clinic (hospital_id, name, address)
SELECT id, 'Поликлиника №3', 'ул. Репина, 21' FROM Hospital WHERE name = 'Медико-санитарная часть №140';
INSERT INTO Clinic (hospital_id, name, address)
SELECT id, 'Городская клиническая поликлиника №4', 'ул. Академика Вавилова, 4' FROM Hospital WHERE name = 'Городская клиническая больница имени С. Н. Гринберга';
INSERT INTO Clinic (hospital_id, name, address)
SELECT id, 'Городская поликлиника №3', 'ул. Грачева, 12д' FROM Hospital WHERE name = 'Краевая инфекционная больница';
INSERT INTO Clinic (hospital_id, name, address)
SELECT id, 'Поликлиника №2 ФМБА', 'ул. Кронита, 23' FROM Hospital WHERE name = 'Краевой психотерапевтический центр';
INSERT INTO Clinic (hospital_id, name, address)
SELECT id, 'Городская поликлиника №7', 'ул. Гашкова, 41а' FROM Hospital WHERE name = 'Наркологическое отделение №5';

-- Значащая
INSERT INTO HospitalBuilding (hospital_id, name) VALUES
(1, 'Главный корпус'),
(1, 'Хирургический корпус'),
(1, 'Кардиологический центр'),
(2, 'Основной корпус'),
(2, 'Инфекционный корпус'),
(3, 'Приемное отделение'),
(3, 'Неврологическое отделение'),
(4, 'Терапевтический корпус'),
(4, 'Детское отделение'),
(5, 'Диагностический центр'),
(5, 'Реанимационное отделение'),
(6, 'Основное здание'),
(6, 'Стационарное отделение'),
(7, 'Поликлиническое отделение'),
(7, 'Родильное отделение'),
(8, 'Диагностический центр'),
(8, 'Хирургическое отделение'),
(9, 'Травматологический центр'),
(9, 'Туберкулезное отделение'),
(10, 'Кардиологический корпус'),
(10, 'Офтальмологическое отделение'),
(11, 'Центральный корпус'),
(11, 'Неврологическое отделение'),
(12, 'Гинекологический корпус'),
(12, 'Онкологическое отделение'),
(13, 'Реабилитационный центр'),
(13, 'Гастроэнтерологическое отделение'),
(14, 'Наркологический корпус'),
(14, 'Психотерапевтическое отделение'),
(15, 'Приемное отделение'),
(15, 'Токсикологическое отделение');

-- Значащая
INSERT INTO Department (hospital_building_id, name) VALUES
(1, 'Терапевтическое отделение'),
(2, 'Хирургическое отделение'),
(3, 'Кардиология'),
(4, 'Инфекционные болезни'),
(5, 'Неврология'),
(6, 'Офтальмология'),
(7, 'Отделение неотложной помощи'),
(8, 'Реабилитация'),
(9, 'Гинекология'),
(10, 'Онкология'),
(11, 'Дерматология'),
(12, 'Эндокринология'),
(13, 'Гастроэнтерология'),
(14, 'Оториноларингология'),
(15, 'Психиатрия');

-- Значащая
INSERT INTO Patient (name, surname, patronymic, birth_date, gender, phone, passport_number) VALUES
('Иван', 'Петров', 'Александрович', '1985-03-15', 'male', '89031234567', '4509123456'),
('Мария', 'Иванова', 'Сергеевна', '1992-07-22', 'female', '89261234567', '4509123457'),
('Алексей', 'Сидоров', 'Павлович', '1980-11-03', 'male', '89151234567', '4509123458'),
('Ольга', 'Кузнецова', 'Владимировна', '1975-05-30', 'female', '89041234567', '4509123459'),
('Дмитрий', 'Морозов', 'Андреевич', '1995-09-18', 'male', '89371234567', '4509123460'),
('Елена', 'Федорова', 'Григорьевна', '1988-02-25', 'female', '89271234567', '4509123461'),
('Павел', 'Васильев', 'Дмитриевич', '1991-12-08', 'male', '89011234567', '4509123462'),
('Анна', 'Зайцева', 'Евгеньевна', '1979-04-12', 'female', '89281234567', '4509123463'),
('Сергей', 'Козлов', 'Иванович', '1983-06-21', 'male', '89051234567', '4509123464'),
('Татьяна', 'Новикова', 'Петровна', '1990-10-14', 'female', '89191234567', '4509123465'),
('Максим', 'Белов', 'Фёдорович', '1986-08-05', 'male', '89111234567', '4509123466'),
('Юлия', 'Комарова', 'Алексеевна', '1993-01-29', 'female', '89291234567', '4509123467'),
('Владимир', 'Мельников', 'Степанович', '1970-07-07', 'male', '89181234567', '4509123468'),
('Екатерина', 'Соколова', 'Михайловна', '1996-03-23', 'female', '89301234567', '4509123469'),
('Роман', 'Орлов', 'Константинович', '1984-11-17', 'male', '89401234567', '4509123470');

-- С версионными данными
INSERT INTO OutpatientTreatment (patient_id, clinic_id, begin_date, end_date) VALUES
(1, 1, '2024-01-10', '2024-01-20'),
(2, 2, '2024-02-05', NULL),
(3, 3, '2024-03-12', '2024-03-18'),
(4, 4, '2024-04-22', NULL),
(5, 5, '2024-05-02', '2024-05-10'),
(6, 6, '2024-06-15', '2024-06-25'),
(7, 7, '2024-07-03', NULL),
(8, 8, '2024-08-19', '2024-08-26'),
(9, 9, '2024-09-07', NULL),
(10, 10, '2024-10-14', '2024-10-22'),
(11, 11, '2024-11-21', NULL),
(12, 12, '2024-12-10', '2024-12-20'),
(13, 13, '2025-01-05', NULL),
(14, 14, '2025-02-14', '2025-02-24'),
(15, 15, '2025-03-07', NULL),
(1, 2, '2024-01-12', '2024-01-19'),
(2, 3, '2024-02-20', '2024-02-25'),
(3, 4, '2024-03-25', NULL),
(4, 5, '2024-04-08', '2024-04-15'),
(5, 6, '2024-05-12', NULL),
(6, 7, '2024-06-18', '2024-06-28'),
(7, 8, '2024-07-09', NULL),
(8, 9, '2024-08-14', '2024-08-22'),
(9, 10, '2024-09-23', NULL),
(10, 11, '2024-10-01', '2024-10-10'),
(11, 12, '2024-11-13', NULL),
(12, 13, '2024-12-25', '2025-01-02'),
(13, 14, '2025-01-16', NULL),
(14, 15, '2025-02-28', '2025-03-07'),
(15, 1, '2025-03-10', NULL);

-- Значащая
INSERT INTO HospitalRoom (department_id, beds_number, type_room) VALUES
(1, 4, 'standard'),
(2, 2, 'vip'),
(3, 6, 'intensive'),
(4, 3, 'standard'),
(5, 5, 'standard'),
(6, 2, 'vip'),
(7, 8, 'standard'),
(8, 3, 'intensive'),
(9, 4, 'standard'),
(10, 6, 'standard'),
(11, 3, 'vip'),
(12, 7, 'standard'),
(13, 2, 'intensive'),
(14, 5, 'standard'),
(15, 4, 'standard');

-- С версионными данными
INSERT INTO InpatientTreatment (patient_id, hospital_room_id, diagnosis, patient_temperature, begin_date, end_date) VALUES
(1, 1, 'Грипп', 38.5, '2024-01-10', '2024-01-17'),
(2, 2, 'Пневмония', 39.0, '2024-02-05', '2024-02-18'),
(3, 3, 'Гастрит', 37.2, '2024-03-12', '2024-03-20'),
(4, 4, 'Гипертония', 36.8, '2024-04-22', '2024-04-29'),
(5, 5, 'Сахарный диабет', 36.6, '2024-05-02', '2024-05-10'),
(6, 6, 'Отравление', 37.9, '2024-06-15', '2024-06-22'),
(7, 7, 'ОРВИ', 38.0, '2024-07-03', '2024-07-09'),
(8, 8, 'Ангина', 39.1, '2024-08-19', '2024-08-25'),
(9, 9, 'Грипп', 38.3, '2024-09-07', '2024-09-14'),
(10, 10, 'Пневмония', 39.2, '2024-10-14', '2024-10-21'),
(11, 11, 'Гастрит', 37.0, '2024-11-21', '2024-11-29'),
(12, 12, 'Гипертония', 36.9, '2024-12-10', '2024-12-18'),
(13, 13, 'Сахарный диабет', 36.7, '2025-01-05', '2025-01-12'),
(14, 14, 'Отравление', 38.0, '2025-02-14', '2025-02-21'),
(15, 15, 'ОРВИ', 37.5, '2025-03-07', '2025-03-14'),
(1, 2, 'Грипп', 38.5, '2024-01-10', '2024-01-17'),
(4, 3, 'Пневмония', 39.0, '2024-02-05', '2024-02-18'),
(3, 4, 'Гастрит', 37.2, '2024-03-12', '2024-03-20'),
(6, 5, 'Гипертония', 36.8, '2024-04-22', '2024-04-29'),
(5, 6, 'Сахарный диабет', 36.6, '2024-05-02', '2024-05-10'),
(2, 7, 'Отравление', 37.9, '2024-06-15', '2024-06-22'),
(7, 8, 'ОРВИ', 38.0, '2024-07-03', '2024-07-09'),
(10, 9, 'Ангина', 39.1, '2024-08-19', '2024-08-25'),
(8, 10, 'Грипп', 38.3, '2024-09-07', '2024-09-14'),
(9, 11, 'Пневмония', 39.2, '2024-10-14', '2024-10-21'),
(11, 12, 'Гастрит', 37.0, '2024-11-21', '2024-11-29'),
(12, 13, 'Гипертония', 36.9, '2024-12-10', '2024-12-18'),
(13, 14, 'Сахарный диабет', 36.7, '2025-01-05', '2025-01-12'),
(14, 15, 'Отравление', 38.0, '2025-02-14', '2025-02-21'),
(15, 13, 'ОРВИ', 37.5, '2025-03-07', '2025-03-14');

-- Значащая
INSERT INTO Disease (name, icd_code, chronic, contagious, symptoms) VALUES
('Грипп', 'J10', FALSE, TRUE, 'Лихорадка, кашель, головная боль'),
('Пневмония', 'J18', FALSE, FALSE, 'Одышка, боль в груди, температура'),
('Гастрит', 'K29', TRUE, FALSE, 'Боль в желудке, тошнота'),
('Гипертония', 'I10', TRUE, FALSE, 'Высокое давление, головная боль'),
('Сахарный диабет', 'E11', TRUE, FALSE, 'Жажда, частое мочеиспускание'),
('Отравление', 'T50', FALSE, FALSE, 'Тошнота, рвота, диарея'),
('ОРВИ', 'J06', FALSE, TRUE, 'Насморк, кашель, головная боль'),
('Ангина', 'J03', FALSE, TRUE, 'Боль в горле, температура'),
('Бронхит', 'J20', FALSE, FALSE, 'Кашель, хрипы, температура'),
('Гепатит B', 'B18', TRUE, TRUE, 'Желтуха, слабость, тошнота'),
('Туберкулез', 'A15', TRUE, TRUE, 'Кашель, потеря веса, ночная потливость'),
('Мигрень', 'G43', TRUE, FALSE, 'Головная боль, тошнота, светобоязнь'),
('Артрит', 'M13', TRUE, FALSE, 'Боль в суставах, отечность'),
('Псориаз', 'L40', TRUE, FALSE, 'Сухая, шелушащаяся кожа'),
('Эпилепсия', 'G40', TRUE, FALSE, 'Судороги, потеря сознания');

-- Таблица-связка
INSERT INTO DiseaseToDepartment (department_id, disease_id) VALUES
(1, 1),
(1, 2),
(2, 3),
(2, 4),
(3, 5),
(3, 6),
(4, 7),
(4, 8),
(5, 9),
(5, 10),
(6, 11),
(6, 12),
(7, 13),
(7, 14),
(8, 15),
(9, 1),
(10, 2),
(11, 3),
(12, 4),
(13, 5),
(14, 6),
(15, 7),
(1, 8),
(2, 9),
(3, 10),
(4, 11),
(5, 12),
(6, 13),
(1, 10),
(13, 6);


